{
"lengthUnit": "mil",
"remark": [],
"components": {
	"fields": ["COMPONENT_NO", "COMPONENT_NAME", "LAYER", "X_COORDINATE", "Y_COORDINATE", "ANGLE"],
	"rows": [
		[1, "电源输入", "T", 787.4016, 1102.3622, 0],
		[2, "信号输出", "T", 787.4016, 472.4409, 0],
		[3, "PWR", "B", 1120, 1105, 270],
		[4, "PWR", "T", 1220, 1105, 90],
		[5, "R1", "B", 1220, 1010, 270],
		[6, "SIGNAL", "B", 1120, 425, 270],
		[7, "PAD1", "T", 1120, 1155, 0],
		[8, "PAD1", "T", 1120, 1155, 0],
		[9, "PAD2", "T", 1120, 1055, 0],
		[10, "PAD2", "T", 1120, 1055, 0],
		[11, "PAD3", "T", 1120, 475, 0],
		[12, "PAD3", "T", 1120, 475, 0],
		[13, "PAD4", "T", 1120, 375, 0],
		[14, "PAD4", "T", 1120, 375, 0],
		[15, "PAD5", "T", 887.7966, 372.0459, 0],
		[16, "PAD5", "T", 887.7966, 372.0459, 0],
		[17, "PAD6", "T", 787.3966, 472.4459, 0],
		[18, "PAD6", "T", 787.3966, 472.4459, 0],
		[19, "PAD7", "T", 687.0066, 1001.9672, 0],
		[20, "PAD7", "T", 687.0066, 1001.9672, 0],
		[21, "PAD8", "T", 687.0066, 1202.7572, 0],
		[22, "PAD8", "T", 687.0066, 1202.7572, 0],
		[23, "PAD9", "T", 887.7966, 1202.7572, 0],
		[24, "PAD9", "T", 887.7966, 1202.7572, 0],
		[25, "PAD10", "T", 887.7966, 1001.9672, 0],
		[26, "PAD10", "T", 887.7966, 1001.9672, 0],
		[27, "PAD11", "T", 787.3966, 1102.3672, 0],
		[28, "PAD11", "T", 787.3966, 1102.3672, 0],
		[29, "PAD12", "T", 1220.133, 1073.517, 0],
		[30, "PAD13", "T", 1219.863, 1136.477, 0],
		[31, "PAD14", "B", 1220, 992.96, 0],
		[32, "PAD15", "B", 1220, 1027.04, 0]
	]
},
"pins": {
	"fields": ["PIN_NO", "PIN_NAME", "PIN_X", "PIN_Y", "LAYER", "PIN_TYPE", "NET_NAME", "NET_TYPE", "PAD_SHAPE", "PAD_SIZEX", "PAD_SIZEY", "HOLE_SIZE", "HOLE_LEN", "PAD_ANGLE"],
	"rows": [
		[1, "电源输入_1", 687.0066, 1001.9672, "T", "DIP", "GND", "GND", "C", 86.614, 86.614, 59.056, 59.056, 0],
		[2, "电源输入_1", 687.0066, 1001.9672, "T", "DIP", "GND", "GND", "C", 86.614, 86.614, 59.056, 59.056, 0],
		[3, "电源输入_2", 687.0066, 1202.7572, "T", "DIP", "GND", "GND", "C", 86.614, 86.614, 59.056, 59.056, 0],
		[4, "电源输入_2", 687.0066, 1202.7572, "T", "DIP", "GND", "GND", "C", 86.614, 86.614, 59.056, 59.056, 0],
		[5, "电源输入_3", 887.7966, 1202.7572, "T", "DIP", "GND", "GND", "C", 86.614, 86.614, 59.056, 59.056, 0],
		[6, "电源输入_3", 887.7966, 1202.7572, "T", "DIP", "GND", "GND", "C", 86.614, 86.614, 59.056, 59.056, 0],
		[7, "电源输入_4", 887.7966, 1001.9672, "T", "DIP", "GND", "GND", "C", 86.614, 86.614, 59.056, 59.056, 0],
		[8, "电源输入_4", 887.7966, 1001.9672, "T", "DIP", "GND", "GND", "C", 86.614, 86.614, 59.056, 59.056, 0],
		[9, "电源输入_5", 787.3966, 1102.3672, "T", "DIP", "+5V", "", "C", 78.74, 78.74, 53.15, 53.15, 0],
		[10, "电源输入_5", 787.3966, 1102.3672, "T", "DIP", "+5V", "", "C", 78.74, 78.74, 53.15, 53.15, 0],
		[11, "信号输出_1", 687.0066, 372.0459, "T", "DIP", "NET_1", "", "C", 86.614, 86.614, 59.056, 59.056, 0],
		[12, "信号输出_1", 687.0066, 372.0459, "T", "DIP", "NET_1", "", "C", 86.614, 86.614, 59.056, 59.056, 0],
		[13, "信号输出_2", 687.0066, 572.8359, "T", "DIP", "NET_2", "", "C", 86.614, 86.614, 59.056, 59.056, 0],
		[14, "信号输出_2", 687.0066, 572.8359, "T", "DIP", "NET_2", "", "C", 86.614, 86.614, 59.056, 59.056, 0],
		[15, "信号输出_3", 887.7966, 572.8359, "T", "DIP", "NET_3", "", "C", 86.614, 86.614, 59.056, 59.056, 0],
		[16, "信号输出_3", 887.7966, 572.8359, "T", "DIP", "NET_3", "", "C", 86.614, 86.614, 59.056, 59.056, 0],
		[17, "信号输出_4", 887.7966, 372.0459, "T", "DIP", "S-GND", "", "C", 86.614, 86.614, 59.056, 59.056, 0],
		[18, "信号输出_4", 887.7966, 372.0459, "T", "DIP", "S-GND", "", "C", 86.614, 86.614, 59.056, 59.056, 0],
		[19, "信号输出_5", 787.3966, 472.4459, "T", "DIP", "SIGNAL", "", "C", 78.74, 78.74, 53.15, 53.15, 0],
		[20, "信号输出_5", 787.3966, 472.4459, "T", "DIP", "SIGNAL", "", "C", 78.74, 78.74, 53.15, 53.15, 0],
		[21, "PWR_1", 1120, 1155, "T", "DIP", "+5V", "", "R", 78.74, 78.74, 47.244, 47.244, 270],
		[22, "PWR_1", 1120, 1155, "T", "DIP", "+5V", "", "R", 78.74, 78.74, 47.244, 47.244, 270],
		[23, "PWR_2", 1120, 1055, "T", "DIP", "GND", "GND", "C", 78.74, 78.74, 47.244, 47.244, 270],
		[24, "PWR_2", 1120, 1055, "T", "DIP", "GND", "GND", "C", 78.74, 78.74, 47.244, 47.244, 270],
		[25, "PWR_1", 1220.133, 1073.517, "T", "SMD", "LR", "", "R", 31.496, 31.496, 0, 0, 180],
		[26, "PWR_2", 1219.863, 1136.477, "T", "SMD", "+5V", "", "R", 31.496, 31.496, 0, 0, 180],
		[27, "R1_1", 1220, 1027.04, "B", "SMD", "LR", "", "R", 22.27, 21.26, 0, 0, 270],
		[28, "R1_2", 1220, 992.96, "B", "SMD", "GND", "GND", "R", 22.27, 21.26, 0, 0, 270],
		[29, "SIGNAL_1", 1120, 475, "T", "DIP", "SIGNAL", "", "R", 78.74, 78.74, 47.244, 47.244, 270],
		[30, "SIGNAL_1", 1120, 475, "T", "DIP", "SIGNAL", "", "R", 78.74, 78.74, 47.244, 47.244, 270],
		[31, "SIGNAL_2", 1120, 375, "T", "DIP", "S-GND", "", "C", 78.74, 78.74, 47.244, 47.244, 270],
		[32, "SIGNAL_2", 1120, 375, "T", "DIP", "S-GND", "", "C", 78.74, 78.74, 47.244, 47.244, 270],
		[33, "PAD1_1", 1120, 1155, "T", "DIP", "+5V", "", "R", 78.74, 78.74, 47.244, 47.244, 270],
		[34, "PAD1_1", 1120, 1155, "T", "DIP", "+5V", "", "R", 78.74, 78.74, 47.244, 47.244, 270],
		[35, "PAD2_2", 1120, 1055, "T", "DIP", "GND", "GND", "C", 78.74, 78.74, 47.244, 47.244, 270],
		[36, "PAD2_2", 1120, 1055, "T", "DIP", "GND", "GND", "C", 78.74, 78.74, 47.244, 47.244, 270],
		[37, "PAD3_1", 1120, 475, "T", "DIP", "SIGNAL", "", "R", 78.74, 78.74, 47.244, 47.244, 270],
		[38, "PAD3_1", 1120, 475, "T", "DIP", "SIGNAL", "", "R", 78.74, 78.74, 47.244, 47.244, 270],
		[39, "PAD4_2", 1120, 375, "T", "DIP", "S-GND", "", "C", 78.74, 78.74, 47.244, 47.244, 270],
		[40, "PAD4_2", 1120, 375, "T", "DIP", "S-GND", "", "C", 78.74, 78.74, 47.244, 47.244, 270],
		[41, "PAD5_4", 887.7966, 372.0459, "T", "DIP", "S-GND", "", "C", 86.614, 86.614, 59.056, 59.056, 0],
		[42, "PAD5_4", 887.7966, 372.0459, "T", "DIP", "S-GND", "", "C", 86.614, 86.614, 59.056, 59.056, 0],
		[43, "PAD6_5", 787.3966, 472.4459, "T", "DIP", "SIGNAL", "", "C", 78.74, 78.74, 53.15, 53.15, 0],
		[44, "PAD6_5", 787.3966, 472.4459, "T", "DIP", "SIGNAL", "", "C", 78.74, 78.74, 53.15, 53.15, 0],
		[45, "PAD7_1", 687.0066, 1001.9672, "T", "DIP", "GND", "GND", "C", 86.614, 86.614, 59.056, 59.056, 0],
		[46, "PAD7_1", 687.0066, 1001.9672, "T", "DIP", "GND", "GND", "C", 86.614, 86.614, 59.056, 59.056, 0],
		[47, "PAD8_2", 687.0066, 1202.7572, "T", "DIP", "GND", "GND", "C", 86.614, 86.614, 59.056, 59.056, 0],
		[48, "PAD8_2", 687.0066, 1202.7572, "T", "DIP", "GND", "GND", "C", 86.614, 86.614, 59.056, 59.056, 0],
		[49, "PAD9_3", 887.7966, 1202.7572, "T", "DIP", "GND", "GND", "C", 86.614, 86.614, 59.056, 59.056, 0],
		[50, "PAD9_3", 887.7966, 1202.7572, "T", "DIP", "GND", "GND", "C", 86.614, 86.614, 59.056, 59.056, 0],
		[51, "PAD10_4", 887.7966, 1001.9672, "T", "DIP", "GND", "GND", "C", 86.614, 86.614, 59.056, 59.056, 0],
		[52, "PAD10_4", 887.7966, 1001.9672, "T", "DIP", "GND", "GND", "C", 86.614, 86.614, 59.056, 59.056, 0],
		[53, "PAD11_5", 787.3966, 1102.3672, "T", "DIP", "+5V", "", "C", 78.74, 78.74, 53.15, 53.15, 0],
		[54, "PAD11_5", 787.3966, 1102.3672, "T", "DIP", "+5V", "", "C", 78.74, 78.74, 53.15, 53.15, 0],
		[55, "PAD12_1", 1220.133, 1073.517, "T", "SMD", "LR", "", "R", 31.496, 31.496, 0, 0, 180],
		[56, "PAD13_2", 1219.863, 1136.477, "T", "SMD", "+5V", "", "R", 31.496, 31.496, 0, 0, 180],
		[57, "PAD14_2", 1220, 992.96, "B", "SMD", "GND", "GND", "R", 22.27, 21.26, 0, 0, 270],
		[58, "PAD15_1", 1220, 1027.04, "B", "SMD", "LR", "", "R", 22.27, 21.26, 0, 0, 270]
	]
}
}